,time,open,high,low,close,volume
0,1672446600000,16593.03,16603.04,16591.89,16597.57,338.16668
1,1672446900000,16598.06,16601.83,16593.7,16595.34,387.21156
2,1672447200000,16595.34,16596.39,16586.33,16594.21,410.65669
3,1672447500000,16594.21,16594.58,16586.58,16588.42,297.95935
4,1672447800000,16588.05,16590.41,16586.16,16588.64,237.45996
5,1672448100000,16588.18,16588.66,16578.0,16580.32,439.70912
6,1672448400000,16580.32,16583.69,16579.64,16581.92,247.03256
7,1672448700000,16581.48,16583.14,16570.01,16572.85,442.03123
8,1672449000000,16572.85,16573.59,16565.96,16569.01,391.04747
9,1672449300000,16569.0,16579.55,16567.03,16575.02,446.2211
10,1672449600000,16575.58,16575.58,16563.67,16567.35,343.29006
11,1672449900000,16567.36,16571.07,16565.27,16566.76,273.13147
12,1672450200000,16566.76,16576.08,16566.37,16574.65,300.52929
13,1672450500000,16574.65,16575.68,16566.74,16569.65,327.38597
14,1672450800000,16569.18,16575.31,16567.87,16570.94,288.18194
15,1672451100000,16570.47,16574.72,16568.99,16572.18,255.14768
16,1672451400000,16571.78,16575.52,16569.2,16572.91,339.47957
17,1672451700000,16572.91,16573.25,16562.36,16568.24,354.29755
18,1672452000000,16568.23,16571.53,16561.39,16564.46,378.26985
19,1672452300000,16564.46,16568.61,16560.65,16568.1,385.26393
20,1672452600000,16567.64,16572.72,16566.66,16567.76,239.67757
21,1672452900000,16568.09,16569.73,16560.47,16567.07,404.89171
22,1672453200000,16567.07,16569.65,16562.23,16565.02,267.06196
23,1672453500000,16565.02,16569.52,16563.79,16568.52,195.80718
24,1672453800000,16568.14,16575.13,16565.61,16570.01,423.45112
25,1672454100000,16569.59,16573.29,16568.21,16571.96,269.29871
26,1672454400000,16571.96,16573.72,16569.82,16573.03,234.18267
27,1672454700000,16573.43,16576.69,16569.93,16575.83,285.83339
28,1672455000000,16575.83,16578.59,16575.24,16578.31,229.19663
29,1672455300000,16578.31,16579.79,16573.86,16575.94,256.42643
30,1672455600000,16576.18,16577.38,16571.39,16574.0,216.8466
31,1672455900000,16574.0,16574.91,16570.66,16574.44,313.03338
32,1672456200000,16574.72,16576.36,16569.61,16570.76,280.97497
33,1672456500000,16570.76,16574.11,16568.86,16570.23,294.96237
34,1672456800000,16570.22,16570.54,16561.49,16565.77,432.66203
35,1672457100000,16565.77,16567.08,16562.49,16565.41,268.68645
36,1672457400000,16565.09,16566.0,16555.98,16556.99,366.15321
37,1672457700000,16557.88,16561.09,16555.13,16558.39,363.84759
38,1672458000000,16558.82,16558.82,16552.08,16554.7,386.50741
39,1672458300000,16555.26,16560.0,16554.57,16558.15,312.40063
40,1672458600000,16558.15,16559.7,16555.17,16557.67,246.24277
41,1672458900000,16557.55,16557.76,16550.01,16552.46,332.33475
42,1672459200000,16552.46,16553.6,16549.69,16550.99,287.86158
43,1672459500000,16550.58,16554.12,16543.0,16550.69,398.64158
44,1672459800000,16550.69,16553.49,16546.44,16549.04,227.72622
45,1672460100000,16549.35,16552.54,16548.23,16551.77,162.83849
46,1672460400000,16551.77,16553.51,16549.8,16549.84,151.30125
47,1672460700000,16550.21,16551.27,16545.03,16546.41,221.5523
48,1672461000000,16546.07,16550.06,16543.3,16546.34,278.66076
49,1672461300000,16546.85,16549.11,16545.76,16547.69,195.91017
50,1672461600000,16547.69,16548.85,16541.75,16546.91,251.58803
51,1672461900000,16546.91,16550.31,16543.91,16549.88,313.57444
52,1672462200000,16549.88,16554.34,16548.9,16553.91,416.36352
53,1672462500000,16554.31,16555.59,16549.95,16551.89,320.92007
54,1672462800000,16551.89,16555.98,16551.27,16554.3,330.56876
55,1672463100000,16553.91,16561.83,16553.48,16560.28,361.9274
56,1672463400000,16560.27,16566.37,16558.23,16559.27,568.85084
57,1672463700000,16559.27,16561.2,16554.17,16556.15,299.96499
58,1672464000000,16556.15,16556.93,16553.18,16554.25,194.15115
59,1672464300000,16554.25,16554.84,16544.0,16544.85,475.07561
60,1672464600000,16544.92,16549.97,16540.1,16549.44,450.92828
61,1672464900000,16549.44,16551.08,16546.75,16549.75,268.73638
62,1672465200000,16549.36,16550.18,16548.11,16549.77,183.24243
63,1672465500000,16549.57,16553.7,16545.06,16546.02,356.74588
64,1672465800000,16545.67,16547.97,16543.53,16544.51,271.1483
65,1672466100000,16544.13,16545.0,16531.0,16538.76,808.6013
66,1672466400000,16538.29,16545.28,16534.03,16543.5,403.15913
67,1672466700000,16543.5,16547.54,16541.1,16544.48,398.31255
68,1672467000000,16544.48,16553.0,16541.63,16552.12,513.36799
69,1672467300000,16551.61,16556.67,16549.51,16555.08,444.30774
70,1672467600000,16554.68,16555.26,16547.46,16547.6,292.40757
71,1672467900000,16547.97,16549.85,16543.92,16548.82,306.29919
72,1672468200000,16549.05,16551.62,16547.69,16550.46,227.49771
73,1672468500000,16550.79,16552.67,16546.6,16547.23,209.02938
74,1672468800000,16546.84,16556.58,16546.67,16550.38,333.34701
75,1672469100000,16550.04,16551.48,16545.07,16545.46,210.47805
76,1672469400000,16545.76,16548.0,16541.08,16545.3,312.48847
77,1672469700000,16545.72,16546.9,16543.39,16546.71,270.44465
78,1672470000000,16546.43,16551.25,16545.14,16549.48,278.55181
79,1672470300000,16549.96,16551.33,16547.92,16550.45,246.25324
80,1672470600000,16550.08,16551.41,16543.87,16544.96,280.33649
81,1672470900000,16544.89,16547.72,16543.86,16543.93,290.32645
82,1672471200000,16544.41,16546.2,16542.36,16544.1,155.99123
83,1672471500000,16544.1,16548.25,16543.02,16545.1,314.55192
84,1672471800000,16544.76,16550.34,16543.49,16548.32,288.29735
85,1672472100000,16548.32,16557.98,16547.23,16556.38,588.4725
86,1672472400000,16556.38,16561.19,16552.32,16560.64,386.18334
87,1672472700000,16560.64,16561.65,16555.0,16555.91,419.25294
88,1672473000000,16555.91,16565.28,16554.33,16563.94,425.68278
89,1672473300000,16563.5,16568.12,16563.39,16565.09,417.03036
90,1672473600000,16564.81,16567.32,16560.03,16561.97,353.85543
91,1672473900000,16561.6,16564.55,16560.0,16561.0,343.41826
92,1672474200000,16561.37,16563.92,16558.0,16558.93,429.82088
93,1672474500000,16559.18,16559.79,16555.06,16556.75,337.88845
94,1672474800000,16556.39,16558.95,16552.79,16557.22,336.53142
95,1672475100000,16557.63,16562.61,16553.08,16558.35,507.57918
96,1672475400000,16558.35,16567.56,16557.8,16566.43,466.61479
97,1672475700000,16566.47,16583.9,16566.1,16574.16,911.13669
98,1672476000000,16573.77,16579.45,16573.23,16578.0,519.06418
99,1672476300000,16578.0,16579.6,16561.16,16562.18,505.62072
100,1672476600000,16562.25,16564.68,16554.2,16554.4,490.2826
101,1672476900000,16554.78,16557.62,16549.0,16554.05,497.38266
102,1672477200000,16554.05,16555.45,16542.36,16543.01,480.41617
103,1672477500000,16543.08,16550.7,16540.01,16548.32,547.01155
104,1672477800000,16547.89,16555.54,16547.57,16551.55,457.83291
105,1672478100000,16551.89,16557.97,16551.08,16556.01,488.85305
106,1672478400000,16556.01,16557.98,16550.24,16555.94,369.69142
107,1672478700000,16555.94,16557.29,16553.0,16556.94,264.18773
108,1672479000000,16557.15,16557.55,16548.09,16550.21,351.80231
109,1672479300000,16549.72,16551.28,16545.18,16548.04,519.69216
110,1672479600000,16548.04,16549.13,16542.8,16545.06,368.51779
111,1672479900000,16544.88,16547.23,16541.73,16543.76,468.68768
112,1672480200000,16543.32,16545.43,16540.99,16543.1,336.692
113,1672480500000,16543.1,16545.6,16541.69,16544.26,288.28245
114,1672480800000,16543.79,16551.92,16543.0,16550.77,346.6367
115,1672481100000,16550.77,16557.49,16549.8,16554.03,396.69341
116,1672481400000,16554.45,16557.64,16553.36,16556.29,428.3423
117,1672481700000,16556.57,16568.88,16551.8,16555.4,914.91355
118,1672482000000,16555.4,16559.81,16553.68,16557.14,302.04978
119,1672482300000,16557.14,16573.8,16555.58,16567.82,817.84638
120,1672482600000,16567.82,16573.64,16556.29,16559.38,553.47063
121,1672482900000,16559.38,16562.17,16556.04,16559.78,263.21243
122,1672483200000,16559.78,16560.35,16553.9,16554.61,304.76957
123,1672483500000,16554.65,16562.59,16554.24,16561.67,387.22389
124,1672483800000,16561.67,16565.7,16559.13,16565.59,321.38942
125,1672484100000,16565.59,16566.15,16560.02,16566.03,362.66249
126,1672484400000,16565.74,16568.83,16563.3,16566.78,419.43028
127,1672484700000,16566.93,16572.71,16566.19,16567.65,350.02581
128,1672485000000,16567.23,16576.9,16566.02,16568.66,583.22142
129,1672485300000,16568.66,16580.41,16567.77,16578.75,702.62324
130,1672485600000,16578.75,16579.61,16569.85,16570.72,341.90463
131,1672485900000,16570.85,16572.0,16564.35,16565.21,465.75751
132,1672486200000,16565.21,16569.13,16563.71,16564.77,374.53227
133,1672486500000,16564.79,16568.42,16563.86,16566.42,347.8079
134,1672486800000,16566.42,16574.4,16565.14,16572.32,366.47753
135,1672487100000,16572.32,16576.16,16569.65,16570.49,284.66553
136,1672487400000,16570.74,16572.46,16569.01,16570.07,212.2865
137,1672487700000,16569.85,16571.61,16566.42,16567.15,288.95423
138,1672488000000,16567.52,16571.34,16565.94,16568.32,444.85964
139,1672488300000,16568.32,16570.71,16565.31,16567.41,454.48156
140,1672488600000,16567.77,16574.43,16565.99,16570.87,402.60579
141,1672488900000,16570.87,16571.53,16568.67,16571.05,348.85436
142,1672489200000,16571.2,16573.39,16565.1,16566.05,392.21167
143,1672489500000,16565.74,16568.62,16564.54,16567.54,270.37482
144,1672489800000,16567.53,16569.18,16565.21,16565.63,412.4139
145,1672490100000,16565.27,16566.23,16553.01,16553.94,866.9176
146,1672490400000,16553.66,16557.81,16547.12,16551.85,666.72137
147,1672490700000,16551.48,16565.33,16548.0,16559.03,524.15153
148,1672491000000,16559.03,16561.44,16556.53,16559.89,461.0569
149,1672491300000,16559.89,16582.36,16558.32,16575.44,867.69406
150,1672491600000,16575.07,16578.64,16572.01,16576.79,543.03068
151,1672491900000,16576.79,16578.98,16573.48,16574.79,354.44601
152,1672492200000,16574.32,16581.31,16573.6,16580.7,374.84579
153,1672492500000,16580.7,16590.6,16575.49,16577.9,776.53543
154,1672492800000,16577.9,16591.79,16577.06,16591.09,523.00853
155,1672493100000,16591.09,16591.39,16576.8,16584.73,810.42636
156,1672493400000,16584.73,16606.84,16584.0,16593.4,1164.60289
157,1672493700000,16593.4,16597.6,16586.0,16587.45,528.56612
158,1672494000000,16587.45,16595.0,16584.11,16591.33,528.45083
159,1672494300000,16591.82,16598.39,16590.1,16598.23,474.16438
160,1672494600000,16598.23,16599.85,16590.26,16591.67,445.00208
161,1672494900000,16591.1,16605.54,16589.61,16600.89,635.31817
162,1672495200000,16600.89,16603.5,16595.44,16597.37,462.38401
163,1672495500000,16597.37,16602.61,16595.16,16601.68,377.45022
164,1672495800000,16601.68,16621.55,16601.3,16615.9,936.29715
165,1672496100000,16615.9,16622.76,16614.9,16618.55,574.10837
166,1672496400000,16618.84,16635.35,16617.0,16619.88,955.49341
167,1672496700000,16619.88,16644.09,16619.69,16630.59,1174.17378
168,1672497000000,16630.07,16638.52,16618.58,16625.56,1050.08379
169,1672497300000,16626.04,16628.73,16610.06,16614.07,649.33832
170,1672497600000,16613.55,16615.2,16602.95,16608.36,665.35451
171,1672497900000,16608.36,16608.8,16591.45,16594.48,879.97146
172,1672498200000,16594.93,16597.11,16580.7,16583.41,731.81813
173,1672498500000,16582.94,16598.0,16582.82,16586.43,556.22692
174,1672498800000,16586.43,16601.04,16585.86,16599.5,567.20595
175,1672499100000,16599.16,16610.0,16596.77,16608.41,364.30784
176,1672499400000,16608.41,16625.79,16601.57,16613.39,741.25168
177,1672499700000,16613.39,16624.62,16608.94,16623.74,490.62316
178,1672500000000,16624.45,16625.28,16614.05,16619.67,485.43527
179,1672500300000,16619.06,16619.94,16594.86,16603.47,565.24263
180,1672500600000,16603.93,16605.52,16591.88,16600.92,577.60452
181,1672500900000,16600.92,16603.53,16596.1,16596.9,296.56454
182,1672501200000,16596.9,16599.81,16595.49,16596.87,238.52882
183,1672501500000,16597.49,16600.0,16594.2,16599.18,331.89177
184,1672501800000,16599.18,16601.73,16597.12,16597.5,290.88197
185,1672502100000,16597.92,16598.65,16585.51,16590.1,606.33095
186,1672502400000,16590.1,16597.77,16590.1,16591.91,430.28139
187,1672502700000,16591.91,16595.98,16591.09,16592.91,230.75273
188,1672503000000,16592.91,16594.35,16590.86,16592.89,230.72894
189,1672503300000,16592.77,16592.99,16581.24,16590.84,515.65557
190,1672503600000,16590.38,16601.43,16590.0,16601.32,370.24971
191,1672503900000,16601.32,16604.22,16599.86,16602.22,364.49648
192,1672504200000,16602.22,16604.4,16599.59,16600.51,339.8015
193,1672504500000,16600.06,16602.61,16594.12,16595.58,346.24224
194,1672504800000,16595.58,16600.23,16594.35,16596.92,333.44223
195,1672505100000,16596.49,16598.24,16595.02,16595.65,244.23703
196,1672505400000,16595.65,16611.96,16594.69,16610.73,496.20803
197,1672505700000,16611.28,16613.3,16599.4,16600.39,367.49391
198,1672506000000,16600.93,16604.37,16599.4,16601.56,287.3522
199,1672506300000,16601.9,16603.15,16598.49,16601.27,280.89135
200,1672506600000,16600.92,16601.27,16581.0,16583.99,858.95314
201,1672506900000,16583.24,16595.66,16574.71,16578.32,790.24643
202,1672507200000,16578.32,16584.67,16571.01,16580.74,621.36904
203,1672507500000,16580.24,16584.66,16576.73,16583.43,341.3949
204,1672507800000,16583.43,16584.08,16577.14,16582.78,305.3748
205,1672508100000,16582.78,16584.8,16579.72,16580.99,237.51466
206,1672508400000,16580.99,16584.98,16579.77,16582.61,255.73671
207,1672508700000,16582.84,16582.93,16578.15,16580.47,267.88303
208,1672509000000,16580.85,16586.96,16579.63,16581.81,350.48548
209,1672509300000,16581.81,16584.4,16578.59,16582.08,246.84671
210,1672509600000,16581.45,16586.4,16580.47,16584.58,231.84779
211,1672509900000,16585.24,16586.72,16582.33,16586.65,230.94061
212,1672510200000,16586.18,16589.36,16583.86,16586.59,305.73261
213,1672510500000,16586.13,16587.0,16583.34,16585.07,193.23186
214,1672510800000,16585.07,16585.58,16581.36,16582.49,174.33318
215,1672511100000,16582.49,16583.5,16575.84,16577.13,280.72377
216,1672511400000,16577.12,16579.26,16574.62,16575.67,325.26262
217,1672511700000,16576.16,16579.81,16571.8,16575.31,386.65297
218,1672512000000,16575.31,16577.71,16573.84,16576.57,228.94175
219,1672512300000,16577.04,16582.5,16576.08,16578.37,366.73523
220,1672512600000,16578.37,16582.3,16572.5,16577.02,401.67322
221,1672512900000,16577.02,16578.39,16574.51,16577.79,214.72769
222,1672513200000,16577.78,16579.56,16571.65,16572.79,316.8403
223,1672513500000,16572.79,16574.96,16571.0,16572.6,322.95372
224,1672513800000,16573.0,16576.42,16571.88,16575.99,192.04151
225,1672514100000,16576.42,16580.39,16574.05,16575.1,272.10909
226,1672514400000,16574.72,16576.42,16567.22,16567.77,291.88136
227,1672514700000,16568.18,16575.32,16566.37,16572.17,341.62234
228,1672515000000,16571.72,16581.87,16571.23,16577.77,326.9159
229,1672515300000,16577.77,16588.09,16577.77,16587.87,532.74935
230,1672515600000,16587.86,16587.86,16575.17,16577.14,345.08952
231,1672515900000,16576.66,16590.06,16576.04,16585.15,414.63851
232,1672516200000,16585.48,16586.74,16580.0,16580.44,279.93181
233,1672516500000,16580.81,16580.89,16565.1,16570.14,407.66018
234,1672516800000,16570.14,16572.76,16567.6,16571.19,236.45355
235,1672517100000,16571.18,16571.78,16567.61,16568.86,185.94564
236,1672517400000,16568.86,16571.44,16567.16,16569.76,181.6551
237,1672517700000,16569.76,16574.97,16569.64,16573.13,252.85943
238,1672518000000,16573.13,16574.27,16569.53,16573.57,239.5777
239,1672518300000,16573.76,16573.76,16567.58,16570.71,193.9004
240,1672518600000,16570.99,16573.62,16569.74,16571.31,158.47706
241,1672518900000,16571.57,16571.74,16565.65,16566.45,295.52887
242,1672519200000,16566.45,16571.95,16564.09,16570.46,264.07482
243,1672519500000,16570.45,16572.36,16569.05,16571.64,168.69046
244,1672519800000,16571.64,16573.56,16565.0,16566.99,251.24299
245,1672520100000,16566.99,16569.3,16565.84,16568.6,193.73753
246,1672520400000,16568.19,16571.64,16566.34,16567.65,182.81328
247,1672520700000,16567.65,16569.35,16564.43,16566.01,284.93898
248,1672521000000,16565.65,16568.96,16564.52,16566.31,329.63196
249,1672521300000,16566.39,16570.04,16564.11,16566.14,302.32349
250,1672521600000,16566.14,16566.87,16558.77,16559.88,327.54457
251,1672521900000,16559.88,16565.41,16557.46,16563.84,314.75679
252,1672522200000,16563.57,16564.19,16557.31,16557.92,255.84227
253,1672522500000,16558.4,16568.34,16554.15,16560.07,465.78363
254,1672522800000,16560.07,16561.51,16558.46,16560.53,105.29194
255,1672523100000,16559.8,16561.19,16553.98,16556.15,308.19338
256,1672523400000,16556.62,16557.39,16544.12,16549.59,499.67581
257,1672523700000,16549.19,16552.55,16546.68,16548.28,241.97779
258,1672524000000,16548.28,16548.46,16542.16,16543.94,295.68359
259,1672524300000,16543.94,16556.36,16542.02,16556.18,278.39298
260,1672524600000,16556.18,16567.49,16555.75,16565.38,475.75881
261,1672524900000,16564.95,16565.62,16506.36,16531.62,1329.8118
262,1672525200000,16531.61,16539.15,16527.81,16531.14,341.02412
263,1672525500000,16531.72,16552.64,16531.11,16544.98,386.76261
264,1672525800000,16544.78,16553.3,16540.25,16544.83,415.51923
265,1672526100000,16544.41,16549.38,16524.64,16532.29,500.74945
266,1672526400000,16532.6,16539.0,16517.76,16538.37,468.08962
267,1672526700000,16538.37,16538.84,16516.0,16518.53,329.34955
268,1672527000000,16518.04,16533.42,16470.0,16518.22,1433.27713
269,1672527300000,16517.57,16521.36,16509.76,16520.81,440.71736
270,1672527600000,16520.28,16524.91,16500.24,16506.14,767.72112
271,1672527900000,16506.14,16514.99,16490.78,16495.24,558.92871
272,1672528200000,16496.01,16503.97,16487.74,16502.67,555.3314
273,1672528500000,16502.67,16526.51,16500.73,16523.86,618.0961
274,1672528800000,16523.86,16529.54,16520.91,16525.92,302.37991
275,1672529100000,16526.54,16527.01,16517.51,16524.64,262.99128
276,1672529400000,16524.65,16540.59,16520.44,16538.17,429.55241
277,1672529700000,16538.17,16551.24,16536.84,16545.68,501.06148
278,1672530000000,16545.68,16550.26,16543.45,16546.13,277.70571
279,1672530300000,16546.14,16550.55,16536.62,16539.05,292.41232
280,1672530600000,16538.39,16541.26,16534.92,16540.42,180.18579
281,1672530900000,16540.42,16544.47,16535.05,16542.4,227.06684
282,1672531200000,16541.77,16544.76,16527.51,16535.38,486.60903
283,1672531500000,16534.91,16540.43,16522.55,16526.67,391.19043
284,1672531800000,16526.67,16530.87,16520.0,16520.69,294.73889
285,1672532100000,16521.26,16537.73,16517.72,16534.94,481.18777
286,1672532400000,16534.94,16540.66,16532.33,16535.54,309.53189
287,1672532700000,16535.54,16545.7,16534.62,16544.19,311.90922
288,1672533000000,16544.19,16544.61,16522.03,16527.83,394.57703
289,1672533300000,16527.27,16530.09,16508.39,16524.04,612.13471
290,1672533600000,16524.83,16525.25,16512.7,16515.43,358.94459
291,1672533900000,16515.91,16535.66,16515.43,16529.16,357.27214
292,1672534200000,16529.69,16533.79,16526.36,16531.84,176.3522
293,1672534500000,16531.84,16536.84,16528.94,16529.67,190.3878
294,1672534800000,16529.59,16537.66,16525.78,16531.02,421.67234
295,1672535100000,16530.39,16540.47,16530.31,16539.2,283.81866
296,1672535400000,16539.2,16541.8,16535.4,16538.21,271.7558
297,1672535700000,16537.68,16540.82,16534.0,16538.59,179.55931
298,1672536000000,16539.04,16539.95,16530.76,16536.22,272.68762
299,1672536300000,16536.22,16536.64,16531.79,16534.6,209.43828
300,1672536600000,16534.02,16535.72,16530.62,16532.0,176.68573
301,1672536900000,16531.74,16539.92,16530.75,16535.19,274.65824
302,1672537200000,16535.19,16543.38,16534.19,16539.94,341.34788
303,1672537500000,16539.94,16547.23,16538.03,16546.33,356.20818
304,1672537800000,16546.76,16547.9,16539.74,16545.91,323.84182
305,1672538100000,16545.91,16556.8,16544.92,16551.47,478.39283
306,1672538400000,16551.47,16551.53,16540.03,16541.43,364.03712
307,1672538700000,16541.86,16543.77,16540.02,16542.94,144.6581
308,1672539000000,16542.67,16551.59,16539.57,16549.03,394.40131
309,1672539300000,16549.02,16554.56,16547.8,16552.72,266.34461
310,1672539600000,16552.72,16553.75,16546.48,16548.18,324.69582
311,1672539900000,16547.96,16555.0,16546.82,16552.89,213.37761
312,1672540200000,16552.89,16559.61,16551.35,16558.65,308.75424
313,1672540500000,16558.49,16559.77,16548.2,16548.99,258.92701
314,1672540800000,16549.5,16550.37,16538.38,16538.77,311.94753
315,1672541100000,16538.77,16547.01,16538.14,16546.22,244.76672
316,1672541400000,16546.22,16547.24,16544.54,16546.33,309.26629
317,1672541700000,16545.77,16549.12,16545.01,16548.19,177.66402
318,1672542000000,16548.19,16548.19,16523.34,16529.36,910.83767
319,1672542300000,16529.36,16532.86,16526.0,16530.4,327.23296
320,1672542600000,16529.97,16531.43,16526.72,16527.87,321.3515
321,1672542900000,16527.44,16530.21,16518.21,16522.52,600.86304
322,1672543200000,16522.53,16533.09,16521.81,16528.72,416.27217
323,1672543500000,16528.28,16531.3,16527.31,16529.89,236.24307
324,1672543800000,16529.89,16534.66,16526.74,16533.77,276.8324
325,1672544100000,16533.76,16537.17,16532.04,16536.83,242.59628
326,1672544400000,16536.83,16537.42,16531.55,16533.68,206.78322
327,1672544700000,16533.68,16534.92,16529.66,16532.56,198.81249
328,1672545000000,16532.56,16537.72,16529.53,16537.09,300.18477
329,1672545300000,16537.09,16537.37,16532.51,16533.04,204.07093
330,1672545600000,16533.04,16535.97,16531.6,16533.55,214.29744
331,1672545900000,16533.55,16535.3,16526.41,16527.15,391.74102
332,1672546200000,16526.74,16529.25,16524.57,16526.12,233.98809
333,1672546500000,16526.12,16530.25,16524.25,16527.43,327.65382
334,1672546800000,16527.43,16528.74,16516.49,16520.71,749.57637
335,1672547100000,16521.15,16523.53,16517.19,16518.59,334.10689
336,1672547400000,16518.31,16523.0,16517.58,16522.66,286.25888
337,1672547700000,16522.66,16525.95,16521.6,16525.58,280.02785
338,1672548000000,16525.58,16525.6,16518.62,16519.47,282.47214
339,1672548300000,16519.96,16520.51,16516.81,16517.43,296.49536
340,1672548600000,16517.43,16526.99,16516.76,16521.09,465.16791
341,1672548900000,16521.09,16522.81,16511.92,16521.85,423.22332
342,1672549200000,16522.22,16523.95,16520.09,16523.67,254.93841
343,1672549500000,16523.68,16524.0,16513.84,16514.99,368.8876
344,1672549800000,16515.28,16519.7,16512.3,16518.37,402.64459
345,1672550100000,16518.77,16521.69,16516.85,16517.59,328.74876
346,1672550400000,16517.9,16519.0,16512.31,16516.82,376.95167
347,1672550700000,16516.82,16522.66,16515.34,16521.07,316.41365
348,1672551000000,16521.42,16522.75,16516.59,16520.15,193.54652
349,1672551300000,16519.66,16521.7,16516.5,16518.16,187.76248
350,1672551600000,16517.92,16520.74,16514.79,16520.02,287.97125
351,1672551900000,16520.03,16523.9,16518.85,16522.06,289.0846
352,1672552200000,16522.06,16524.2,16519.85,16522.47,212.61128
353,1672552500000,16522.48,16534.98,16522.19,16530.71,497.81097
354,1672552800000,16530.71,16543.69,16528.81,16541.39,416.17234
355,1672553100000,16541.39,16541.43,16531.38,16538.85,349.3546
356,1672553400000,16539.25,16541.8,16535.95,16537.72,183.70625
357,1672553700000,16538.05,16549.58,16537.64,16548.41,315.75353
358,1672554000000,16548.06,16548.72,16540.86,16544.42,343.42514
359,1672554300000,16544.42,16550.0,16543.01,16544.63,316.97666
360,1672554600000,16545.02,16545.96,16538.5,16540.97,214.95157
361,1672554900000,16540.97,16542.47,16538.41,16541.27,228.34085
362,1672555200000,16541.27,16545.46,16539.96,16544.68,257.31213
363,1672555500000,16544.38,16546.93,16542.66,16543.52,292.79447
364,1672555800000,16543.52,16543.95,16538.46,16541.34,237.44661
365,1672556100000,16540.72,16541.49,16539.01,16539.79,188.66791
366,1672556400000,16539.79,16544.57,16537.68,16539.32,364.31375
367,1672556700000,16539.32,16540.36,16526.68,16534.07,617.38879
368,1672557000000,16533.65,16537.45,16522.42,16530.26,492.12411
369,1672557300000,16530.82,16530.82,16499.01,16509.91,889.5585
370,1672557600000,16510.38,16512.0,16505.87,16509.28,305.23742
371,1672557900000,16508.94,16524.82,16501.86,16522.78,620.9341
372,1672558200000,16522.28,16522.77,16514.31,16520.27,290.74311
373,1672558500000,16520.27,16522.74,16504.17,16522.28,386.39968
374,1672558800000,16522.29,16529.98,16520.42,16525.24,296.45634
375,1672559100000,16525.59,16530.91,16524.73,16527.65,301.91184
376,1672559400000,16527.65,16530.51,16520.67,16522.8,304.51876
377,1672559700000,16523.23,16532.37,16522.8,16526.19,315.37182
378,1672560000000,16525.7,16533.15,16525.11,16531.29,379.67542
379,1672560300000,16531.82,16534.03,16519.66,16522.14,480.25205
380,1672560600000,16522.14,16523.91,16516.78,16518.19,294.79899
381,1672560900000,16518.19,16524.72,16513.24,16523.87,430.49806
382,1672561200000,16523.87,16525.88,16518.6,16524.19,350.13493
383,1672561500000,16524.04,16525.0,16520.53,16523.23,211.04482
384,1672561800000,16522.83,16527.11,16520.96,16521.08,354.97319
385,1672562100000,16521.25,16521.97,16512.68,16514.5,363.63244
386,1672562400000,16514.06,16517.85,16509.3,16510.68,326.90698
387,1672562700000,16510.68,16515.41,16509.19,16514.4,339.85942
388,1672563000000,16514.42,16515.02,16508.45,16514.2,410.69891
389,1672563300000,16514.2,16517.35,16509.6,16513.34,329.44502
390,1672563600000,16513.33,16514.99,16508.79,16509.34,328.10787
391,1672563900000,16509.34,16512.08,16505.2,16510.62,398.65323
392,1672564200000,16510.22,16515.23,16509.02,16514.75,277.45756
393,1672564500000,16515.11,16517.53,16511.96,16515.56,313.79527
394,1672564800000,16515.92,16521.04,16514.31,16520.2,339.17114
395,1672565100000,16520.2,16522.63,16513.87,16514.23,346.28233
396,1672565400000,16514.64,16521.94,16514.22,16521.37,247.94846
397,1672565700000,16521.3,16523.12,16520.38,16520.99,161.26985
398,1672566000000,16520.99,16533.12,16520.5,16531.85,474.33296
399,1672566300000,16531.85,16533.28,16525.62,16532.4,332.06128
400,1672566600000,16532.4,16537.92,16531.37,16536.36,398.13586
401,1672566900000,16536.36,16542.49,16532.82,16537.88,483.53468
402,1672567200000,16538.32,16539.09,16533.53,16535.0,371.68193
403,1672567500000,16535.37,16538.48,16533.42,16534.36,399.54094
404,1672567800000,16534.86,16543.14,16534.16,16542.85,407.83227
405,1672568100000,16542.6,16546.49,16540.53,16541.94,383.62162
406,1672568400000,16541.94,16546.47,16539.98,16545.38,212.37845
407,1672568700000,16545.7,16547.38,16542.23,16544.07,205.48732
408,1672569000000,16543.69,16544.75,16536.25,16538.25,372.95114
409,1672569300000,16538.25,16540.26,16533.79,16536.36,353.0664
410,1672569600000,16536.68,16539.83,16534.37,16539.58,244.77048
411,1672569900000,16539.83,16541.77,16538.34,16539.86,186.23897
412,1672570200000,16539.86,16542.38,16538.12,16542.16,273.98316
413,1672570500000,16541.73,16548.71,16539.75,16548.34,392.21348
414,1672570800000,16547.98,16551.29,16545.5,16545.95,338.09599
415,1672571100000,16546.28,16551.65,16545.05,16549.45,360.81813
416,1672571400000,16549.16,16552.67,16546.45,16547.92,304.73458
417,1672571700000,16547.56,16547.96,16540.2,16543.33,279.01553
418,1672572000000,16543.31,16547.49,16541.33,16546.11,265.07339
419,1672572300000,16546.11,16546.8,16542.02,16544.56,281.46856
420,1672572600000,16544.56,16548.41,16542.14,16546.61,349.90553
421,1672572900000,16546.25,16550.66,16545.67,16549.41,287.66949
422,1672573200000,16549.41,16552.03,16548.94,16550.95,285.33232
423,1672573500000,16550.59,16554.47,16547.9,16549.61,371.76792
424,1672573800000,16549.61,16550.6,16547.51,16549.35,206.17884
425,1672574100000,16549.1,16557.0,16548.81,16556.66,409.46985
426,1672574400000,16556.66,16563.15,16554.91,16562.56,399.89826
427,1672574700000,16562.56,16563.16,16548.58,16551.88,472.06672
428,1672575000000,16551.88,16572.42,16549.72,16564.36,588.31059
429,1672575300000,16564.37,16570.06,16560.7,16561.28,340.19434
430,1672575600000,16561.59,16562.85,16557.63,16560.32,268.16625
431,1672575900000,16560.0,16569.63,16557.08,16564.27,494.64636
432,1672576200000,16564.06,16572.94,16556.27,16559.44,408.96909
433,1672576500000,16558.99,16560.0,16556.08,16556.25,190.60728
434,1672576800000,16556.25,16558.06,16555.0,16556.92,234.44573
435,1672577100000,16556.92,16562.46,16555.2,16561.98,266.44225
436,1672577400000,16561.61,16562.99,16558.34,16560.92,242.691
437,1672577700000,16560.92,16562.99,16559.35,16560.93,244.04777
438,1672578000000,16561.29,16566.69,16560.91,16566.26,268.18095
439,1672578300000,16565.96,16567.26,16560.5,16561.68,334.97845
440,1672578600000,16561.81,16562.7,16550.36,16554.25,541.99601
441,1672578900000,16554.24,16555.38,16541.27,16548.47,633.2289
442,1672579200000,16548.55,16549.86,16546.93,16548.15,182.55755
443,1672579500000,16548.43,16550.97,16546.08,16550.92,226.95651
444,1672579800000,16550.92,16552.0,16545.79,16547.32,292.7576
445,1672580100000,16547.32,16547.78,16539.05,16541.64,705.86338
446,1672580400000,16541.64,16547.81,16540.21,16542.55,413.72756
447,1672580700000,16542.55,16546.58,16539.9,16545.28,287.99569
448,1672581000000,16545.28,16548.54,16543.0,16547.81,256.54684
449,1672581300000,16547.39,16549.04,16545.64,16548.04,234.89259
450,1672581600000,16547.61,16553.73,16546.7,16552.15,336.6447
451,1672581900000,16552.15,16553.99,16545.34,16545.79,308.3692
452,1672582200000,16545.79,16554.63,16545.75,16553.11,336.47762
453,1672582500000,16553.56,16555.5,16552.59,16555.25,249.0697
454,1672582800000,16555.25,16555.88,16553.41,16553.77,160.7503
455,1672583100000,16554.11,16558.19,16553.13,16556.53,240.39299
456,1672583400000,16556.15,16558.56,16555.6,16557.22,181.38539
457,1672583700000,16557.22,16557.25,16551.46,16553.06,209.90258
458,1672584000000,16552.71,16553.25,16546.83,16548.0,309.02722
459,1672584300000,16547.67,16552.18,16545.2,16550.56,341.77728
460,1672584600000,16550.96,16552.98,16548.46,16548.46,278.26186
461,1672584900000,16548.62,16549.0,16540.85,16542.94,342.93209
462,1672585200000,16542.94,16546.32,16542.45,16544.98,235.42004
463,1672585500000,16544.5,16549.29,16542.98,16547.26,304.82117
464,1672585800000,16547.26,16549.78,16546.68,16549.57,211.21213
465,1672586100000,16549.57,16549.66,16547.0,16547.64,196.57368
466,1672586400000,16547.29,16548.08,16536.0,16539.52,464.70323
467,1672586700000,16539.35,16544.0,16533.68,16542.89,354.88785
468,1672587000000,16543.28,16546.07,16542.0,16545.28,209.64655
469,1672587300000,16544.84,16545.62,16543.31,16544.13,131.28405
470,1672587600000,16544.35,16549.14,16544.11,16548.82,201.06301
471,1672587900000,16549.13,16552.14,16545.47,16547.11,248.25826
472,1672588200000,16547.11,16548.87,16545.02,16546.06,261.98869
473,1672588500000,16546.06,16559.99,16545.51,16558.73,401.0737
474,1672588800000,16558.73,16584.66,16558.0,16563.2,1037.3471
475,1672589100000,16563.2,16571.46,16562.0,16566.95,388.74309
476,1672589400000,16566.95,16567.34,16558.27,16562.45,313.49433
477,1672589700000,16562.45,16572.88,16562.45,16572.27,420.21285
478,1672590000000,16572.72,16572.72,16564.51,16570.86,292.56752
479,1672590300000,16571.31,16579.46,16568.64,16577.68,460.13373
480,1672590600000,16578.16,16584.3,16572.18,16579.27,420.61134
481,1672590900000,16579.27,16581.04,16572.59,16573.16,288.37481
482,1672591200000,16573.16,16573.78,16559.56,16566.21,444.74443
483,1672591500000,16565.74,16573.6,16563.2,16569.8,308.48771
484,1672591800000,16569.66,16570.56,16561.32,16562.83,205.45756
485,1672592100000,16562.52,16569.65,16562.11,16565.14,381.95788
486,1672592400000,16565.13,16571.15,16562.51,16567.23,367.78219
487,1672592700000,16567.23,16572.0,16564.56,16570.85,327.74891
488,1672593000000,16571.08,16571.38,16565.87,16570.23,223.56723
489,1672593300000,16570.23,16580.0,16569.13,16577.08,496.80473
490,1672593600000,16576.58,16591.0,16575.67,16586.49,716.38317
491,1672593900000,16586.49,16596.64,16580.6,16582.65,724.85267
492,1672594200000,16582.65,16589.52,16574.39,16575.66,391.22404
493,1672594500000,16575.66,16579.8,16572.11,16578.03,277.47405
494,1672594800000,16578.03,16585.56,16576.9,16584.08,300.71105
495,1672595100000,16584.56,16586.5,16577.96,16580.86,294.89598
496,1672595400000,16580.85,16585.92,16576.34,16576.64,372.27538
497,1672595700000,16576.64,16582.37,16576.35,16578.85,220.68414
498,1672596000000,16579.25,16600.0,16578.85,16595.81,626.99721
499,1672596300000,16594.9,16595.81,16589.51,16592.26,224.58903
